EmployeeID,Name,Department,Age,Salary,EmploymentDate
1001,John Smith,Engineering,29,75000.00,2015-06-15
1002,Emily Johnson,Marketing,34,68000.50,2012-09-23
1003,Michael Williams,Sales,41,82000.75,2010-03-12
1004,Jessica Brown,Human Resources,28,60000.00,2016-11-05
1005,Daniel Jones,Engineering,36,91000.25,2008-07-19
1006,Ashley Miller,Finance,31,72000.00,2013-05-30
1007,Matthew Davis,Engineering,45,98000.00,2005-02-14
1008,Amanda Garcia,Marketing,27,65000.00,2017-08-22
1009,Joshua Martinez,Sales,39,79000.00,2011-12-01
1010,Sarah Rodriguez,Engineering,33,87000.00,2014-04-18
1011,David Hernandez,Finance,50,105000.00,2000-06-10
1012,Megan Lopez,Human Resources,26,58000.00,2018-03-27
1013,Andrew Gonzalez,Engineering,38,92000.00,2009-10-16
1014,Brittany Wilson,Marketing,29,70000.00,2015-09-09
1015,Justin Anderson,Sales,42,81000.00,2009-01-05
1016,Victoria Thomas,Engineering,35,88000.00,2012-11-30
1017,Robert Taylor,Finance,47,99000.00,2003-08-25
1018,Olivia Moore,Human Resources,30,61000.00,2016-05-14
1019,James Jackson,Engineering,28,76000.00,2017-07-07
1020,Lauren Martin,Marketing,33,69000.00,2014-02-20
1021,Christopher Lee,Sales,37,80000.00,2010-09-15
1022,Jennifer Perez,Engineering,31,84000.00,2013-06-18
1023,Brandon White,Finance,44,97000.00,2006-12-29
1024,Elizabeth Harris,Human Resources,27,59000.00,2017-10-11
1025,Benjamin Clark,Engineering,40,93000.00,2008-04-03
1026,Samantha Lewis,Marketing,29,71000.00,2015-08-16
1027,Nicholas Robinson,Sales,35,78000.00,2012-01-22
1028,Abigail Walker,Engineering,32,86000.00,2013-11-27
1029,Alexander Young,Finance,46,102000.00,2004-07-30
1030,Brianna Allen,Human Resources,25,57000.00,2018-06-05
1031,Tyler King,Engineering,29,75000.00,2015-05-12
1032,Kayla Wright,Marketing,34,68000.00,2012-09-28
1033,Ryan Scott,Sales,41,82000.00,2010-03-19
1034,Hailey Torres,Engineering,28,60000.00,2016-11-12
1035,Joseph Nguyen,Finance,36,91000.00,2008-07-26
1036,Grace Hill,Human Resources,31,72000.00,2013-06-02
1037,Ethan Green,Engineering,45,98000.00,2005-02-21
1038,Jessica Adams,Marketing,27,65000.00,2017-08-29
1039,Austin Nelson,Sales,39,79000.00,2011-12-08
1040,Alyssa Baker,Engineering,33,87000.00,2014-04-25
1041,Kevin Hall,Finance,50,105000.00,2000-06-17
1042,Brooke Rivera,Human Resources,26,58000.00,2018-04-03
1043,Jason Campbell,Engineering,38,92000.00,2009-10-23
1044,Anna Mitchell,Marketing,29,70000.00,2015-09-16
1045,Eric Carter,Sales,42,81000.00,2009-01-12
1046,Victoria Roberts,Engineering,35,88000.00,2012-12-07
1047,Kyle Gomez,Finance,47,99000.00,2003-09-01
1048,Natalie Phillips,Human Resources,30,61000.00,2016-05-21
1049,Zachary Evans,Engineering,28,76000.00,2017-07-14
1050,Amber Turner,Marketing,33,69000.00,2014-02-27
1051,Aaron Diaz,Sales,37,80000.00,2010-09-22
1052,Stephanie Parker,Engineering,31,84000.00,2013-06-25
1053,Brian Edwards,Finance,44,97000.00,2006-01-05
1054,Melissa Collins,Human Resources,27,59000.00,2017-10-18
1055,Patrick Stewart,Engineering,40,93000.00,2008-04-10
1056,Allison Sanchez,Marketing,29,71000.00,2015-08-23
1057,Sean Morris,Sales,35,78000.00,2012-01-29
1058,Madison Rogers,Engineering,32,86000.00,2013-12-04
1059,Dylan Reed,Finance,46,102000.00,2004-08-06
1060,Sydney Cook,Human Resources,25,57000.00,2018-06-12
1061,Christian Morgan,Engineering,29,75000.00,2015-05-19
1062,Alexis Bell,Marketing,34,68000.00,2012-10-05
1063,Jordan Murphy,Sales,41,82000.00,2010-03-26
1064,Katherine Bailey,Engineering,28,60000.00,2016-11-19
1065,Jake Rivera,Finance,36,91000.00,2008-08-02
1066,Isabella Cooper,Human Resources,31,72000.00,2013-06-09
1067,Connor Richardson,Engineering,45,98000.00,2005-02-28
1068,Savannah Cox,Marketing,27,65000.00,2017-09-05
1069,Cameron Howard,Sales,39,79000.00,2011-12-15
1070,Morgan Ward,Engineering,33,87000.00,2014-05-02
1071,Evan Peterson,Finance,50,105000.00,2000-06-24
1072,Sophie Gray,Human Resources,26,58000.00,2018-04-10
1073,Brandon Ramirez,Engineering,38,92000.00,2009-10-30
1074,Lauren James,Marketing,29,70000.00,2015-09-23
1075,Colin Hughes,Sales,42,81000.00,2009-01-19
1076,Nicole Foster,Engineering,35,88000.00,2012-12-14
1077,Adam Watson,Finance,47,99000.00,2003-09-08
1078,Julia Brooks,Human Resources,30,61000.00,2016-05-28
1079,Steven Sanders,Engineering,28,76000.00,2017-07-21
1080,Faith Ross,Marketing,33,69000.00,2014-03-06
1081,Timothy Price,Sales,37,80000.00,2010-09-29
1082,Chloe Jenkins,Engineering,31,84000.00,2013-07-02
1083,Nathan Perry,Finance,44,97000.00,2006-01-12
1084,Alexandra Powell,Human Resources,27,59000.00,2017-10-25
1085,Cody Long,Engineering,40,93000.00,2008-04-17
1086,Sara Patterson,Marketing,29,71000.00,2015-08-30
1087,Ian Butler,Sales,35,78000.00,2012-02-05
1088,Kimberly Simmons,Engineering,32,86000.00,2013-12-11
1089,Luke Foster,Finance,46,102000.00,2004-08-13
1090,Bethany Bryant,Human Resources,25,57000.00,2018-06-19
1091,Shawn Alexander,Engineering,29,75000.00,2015-05-26
1092,Jenna Hamilton,Marketing,34,68000.00,2012-10-12
1093,Blake Graham,Sales,41,82000.00,2010-04-02
1094,Alexandra Ford,Engineering,28,60000.00,2016-11-26
1095,Travis Reynolds,Finance,36,91000.00,2008-08-09
1096,Paige Russell,Human Resources,31,72000.00,2013-06-16
1097,Austin Griffin,Engineering,45,98000.00,2005-03-07
1098,Claire Hayes,Marketing,27,65000.00,2017-09-12
1099,Caleb Myers,Sales,39,79000.00,2011-12-22
1100,Caroline Bennett,Engineering,33,87000.00,2014-05-09
